{
  "marketing_stripe": {
    "text": "Produtos Apple até 35% OFF | Frete grátis em compras a partir de R$ 200,00",
    "link": "",
    "background": "#f1f1f1",
    "color": "#383838"
  },
  "contacts_stripe": {
    "pages": [
      {
        "title": "Blog",
        "link": "/blog"
      },
      {
        "title": "F.A.Q.",
        "link": "/posts/esta-loja-e-um-pwa"
      }
    ],
    "phone_wpp": true,
    "socials": true
  },
  "categories_list": {
    "featured": [
      "/mac?Mac",
      "/ipad?iPad",
      "/iphone?iPhone",
      "/watch?Watch",
      "/airpods?Airpods",
      "/tv?TV",
      "/acessorios?Acessórios"
    ],
    "random": 0,
    "full_width": true
  },
  "search_input": true
}